City_ID,City,Country,Max Temp,Description,Lat,Lng,Hotel Name
2,Piney Green,US,81.18,light rain,34.716,-77.3202,Holiday City MHC
3,Kayes,ML,84.02,light rain,14.0,-11.0,
5,Madinat Sittah Uktubar,EG,89.2,clear sky,29.8167,31.05,Happy Kennel Academy
7,Rikitea,PF,71.92,overcast clouds,-23.1203,-134.9692,People ThankYou
8,Portsmouth,GB,75.0,overcast clouds,50.799,-1.0913,Royal Beach Hotel
11,Albany,US,85.68,broken clouds,42.6001,-73.9662,
14,Kapaa,US,77.32,light rain,22.0752,-159.319,Sheraton Kauai Coconut Beach Resort
15,Bethel,US,84.79,overcast clouds,41.3712,-73.414,Courtyard by Marriott Danbury
16,Biltine,TD,90.09,overcast clouds,14.5333,20.9167,Hôtel Trois Étoiles de Biltine
19,Butaritari,KI,81.54,overcast clouds,3.0707,172.7902,Isles Sunset Lodge
21,Jamestown,US,86.02,clear sky,42.097,-79.2353,Hampton Inn & Suites Jamestown
27,Hilo,US,77.29,clear sky,19.7297,-155.09,Hilo Hawaiian Hotel
28,Kavieng,PG,82.11,broken clouds,-2.5744,150.7967,Nusa Island Retreat
29,Bonthe,SL,78.39,light rain,7.5264,-12.505,Bonthe Holiday Village
30,Adrar,MR,96.85,scattered clouds,20.5022,-10.0711,
32,Puerto Ayora,EC,71.56,broken clouds,-0.7393,-90.3518,Finch Bay Galapagos Hotel
38,Pundaguitan,PH,82.13,light rain,6.3711,126.1689,Leonardo Family Beach House 1
46,Cam Ranh,VN,80.56,few clouds,11.9214,109.1591,OYO 598 Peony Hotel
47,Trebechovice Pod Orebem,CZ,77.85,clear sky,50.201,15.9922,Ranč Orlice
48,Asau,RO,83.32,overcast clouds,46.4333,26.4,Casa Mika Ciobanus
49,Manggar,ID,80.06,overcast clouds,-2.8833,108.2667,Guest Hotel
55,Sambava,MG,70.97,light rain,-14.2667,50.1667,Melrose
67,Faanui,PF,78.57,broken clouds,-16.4833,-151.75,Bora-Bora Pearl Beach Resort & Spa
68,Riverton,US,83.3,clear sky,40.5219,-111.9391,Ramada by Wyndham Draper
69,Dingle,PH,77.04,overcast clouds,10.9995,122.6711,SEGAYA PROPERTY
70,Praia,CV,84.74,broken clouds,14.9215,-23.5087,LT Aparthotel
72,Atuona,PF,76.55,scattered clouds,-9.8,-139.0333,Hôtel Hiva Oa Hanakee Lodge
73,Lipari,IT,84.33,clear sky,38.4674,14.954,Hotel Villa Augustus
79,Poum,NC,71.51,clear sky,-20.2333,164.0167,
81,Meulaboh,ID,76.12,moderate rain,4.1363,96.1285,Kost Pria
82,Gouyave,GD,82.2,overcast clouds,12.1646,-61.7296,Rumboat Retreat
83,Ahuimanu,US,76.86,few clouds,21.4447,-157.8378,Paradise Bay Resort
84,La Palma,US,75.18,overcast clouds,33.8464,-118.0467,La Quinta Inn & Suites by Wyndham Buena Park
87,Tulum,MX,85.44,scattered clouds,20.2167,-87.4667,Kin Ha Tulum
92,San Patricio,US,87.84,clear sky,28.017,-97.5169,"Motel 6 Sinton, TX"
94,Novaya Lyada,RU,81.14,overcast clouds,52.7131,41.6387,PROdomik
97,Tenenkou,ML,85.53,broken clouds,14.4572,-4.9169,
102,Tevaitoa,PF,78.42,overcast clouds,-16.7833,-151.5,Hôtel Raiatea Lodge
103,Inirida,CO,75.24,overcast clouds,3.8653,-67.9239,Fuente del Guania Hotel de Lujo
104,Sur,OM,86.22,scattered clouds,22.5667,59.5289,Sur Plaza Hotel
107,Turkmenabat,TM,89.58,clear sky,39.0733,63.5786,"Гостиница ""Yupek Yoly"" (Шелковый путь)"
110,Sebastian,US,87.08,overcast clouds,35.1668,-94.2669,
111,Victoria,HK,86.38,few clouds,22.2855,114.1577,Mini Central
112,Gidam,IN,76.08,broken clouds,18.9833,81.4,Dhanshree Lodge And DormItory
113,Shenzhen,CN,86.27,few clouds,22.5455,114.0683,Grand Skylight
114,Biograd Na Moru,HR,84.9,overcast clouds,43.9433,15.4519,Villa Maimare
115,Katsuura,JP,73.15,overcast clouds,35.1333,140.3,Katsuura Hotel Mikazuki
119,Omboue,GA,77.88,overcast clouds,-1.5746,9.2618,Hotel Olako
121,Harper,LR,78.58,broken clouds,4.375,-7.7169,Screensaver
123,Defiance,US,83.07,clear sky,41.3334,-84.45,Airway Estates
124,Kloulklubed,PW,79.3,overcast clouds,7.0419,134.2556,Storyboard Beach Resort
125,Freeport,US,86.29,scattered clouds,40.6576,-73.5832,The Freeport Inn and Marina
126,Attur,IN,81.03,broken clouds,11.6,78.6167,Sundaresan CSC centre
127,Nhulunbuy,AU,75.81,broken clouds,-12.2333,136.7667,East Arnhem Real Estate
129,Jiuquan,CN,70.0,broken clouds,39.7432,98.5174,Jiuquan Hotel
130,Sao Domingos,BR,91.15,clear sky,-13.3983,-46.3183,Hotel e Restaurante Uirapuru (Márcio uirapuru )Em São Domingos -Go
134,Junqueiro,BR,79.3,scattered clouds,-9.9253,-36.4758,POUSADA E RESTAURANTE QUEROMAIS
137,Kudahuvadhoo,MV,81.46,overcast clouds,2.6708,72.8944,Niyama Private Islands Maldives
139,Leninskoye,KZ,74.79,clear sky,41.7589,69.3864,Қалдыбайдың үйі 🏘️
141,Luganville,VU,76.12,overcast clouds,-15.5333,167.1667,The Espiritu Hotel
142,Najran,SA,92.05,scattered clouds,17.4924,44.1277,محمد هادي ال فطيح
144,Pondicherry,IN,83.23,broken clouds,11.93,79.83,Villa Shanti for food lovers
146,Taperoa,BR,88.05,broken clouds,-7.2075,-36.8267,Hotel Casarão Antigo
147,Freetown,SL,78.51,moderate rain,8.484,-13.2299,The Country Lodge Hotel
150,Eydhafushi,MV,80.47,overcast clouds,5.1033,73.0708,Soneva Fushi
151,Toamasina,MG,73.4,broken clouds,-18.1667,49.3833,Hotel H1
152,Hithadhoo,MV,80.78,overcast clouds,-0.6,73.0833,Scoop Guest House
155,Salalah,OM,77.09,broken clouds,17.0151,54.0924,"HAMDAN PLAZA HOTEL SALALAH, an HTG Hotel"
156,Karratha,AU,70.43,clear sky,-20.7377,116.8463,ibis Styles Karratha
158,Port Keats,AU,73.58,clear sky,-14.25,129.55,TDC Village (Hundred Man Camp)
159,Rio Brilhante,BR,76.5,overcast clouds,-21.8019,-54.5464,Hotel Cattani
162,Lorengau,PG,81.01,broken clouds,-2.0226,147.2712,Lorengau Harbourside Hotel
164,Matay,EG,98.04,clear sky,28.419,30.7792,Nag Aespen
168,Naze,JP,81.52,scattered clouds,28.3667,129.4833,Shishime Hotel
169,Torbay,CA,73.38,broken clouds,47.6666,-52.7314,Gallows Cove
170,Saint-Pierre,RE,73.08,overcast clouds,-21.3393,55.4781,Alize Plage
171,Souillac,MU,71.98,scattered clouds,-20.5167,57.5167,Shanti Maurice Resort & Spa
176,Aktau,KZ,82.98,clear sky,43.65,51.2,Silk Way Hotel
179,Nouakchott,MR,87.73,scattered clouds,18.0858,-15.9785,HOTEL IMAN
180,Port Blair,IN,82.44,mist,11.6667,92.75,"Welcomhotel By ITC Hotels, Bay Island, Port Blair"
182,Ambon,ID,78.24,scattered clouds,-3.6954,128.1814,Swiss-Belhotel Ambon
184,Northam,GB,73.38,broken clouds,51.0333,-4.2167,Durrant House Hotel
186,Nicoya,CR,82.31,broken clouds,10.1483,-85.452,Las Cabinas Del Sueño
187,Along,IN,75.38,overcast clouds,28.1667,94.7667,Hotel West
191,Ovalle,CL,73.31,clear sky,-30.5983,-71.2003,Hotel Altos de Tuqui
196,Weihai,CN,70.54,light rain,37.5017,122.1136,Beihai Travel Resort
197,La Asuncion,VE,87.53,overcast clouds,11.0333,-63.8628,Colinas de Matasiete
198,Vila Velha,BR,76.95,scattered clouds,-20.3297,-40.2925,Hotel Vitória Palace
200,Xai-Xai,MZ,72.59,clear sky,-25.0519,33.6442,Complexo da Familia
201,Bubaque,GW,79.21,moderate rain,11.2833,-15.8333,"Casa Dora, Bubaque"
203,Gunjur,GM,89.67,moderate rain,13.2019,-16.7339,Jallo Kurundingoto Eco Tourist Camp
204,Sabang,ID,79.9,overcast clouds,5.8933,95.3214,Hotel Citra
206,Port-Gentil,GA,82.36,few clouds,-0.7193,8.7815,Fengshui Residence
207,Dunmore Town,BS,84.76,clear sky,25.5,-76.65,Coral Sands Hotel
208,Karsava,LV,75.04,overcast clouds,56.7841,27.6883,"Aka, motelis, Veituls"
209,Saint-Philippe,RE,72.99,broken clouds,-21.3585,55.7679,Le four à pain
210,Fare,PF,78.28,broken clouds,-16.7,-151.0167,Maitai Lapita Village Huahine
211,Kamenka,RU,87.12,overcast clouds,51.3223,42.7678,
212,Sao Joao Da Barra,BR,73.49,overcast clouds,-21.6403,-41.0511,Pousada Porto De Canoas
215,Surt,LY,85.5,clear sky,31.2089,16.5887,فندق المدينة
216,Hami,CN,76.91,clear sky,42.8,93.45,Laoyutang Resort
218,Makuyuni,TZ,75.52,scattered clouds,-4.7333,38.1,
219,Kilimatinde,TZ,80.24,scattered clouds,-5.85,34.95,
220,Arroyo,ES,80.64,few clouds,41.6096,-4.7969,Hotel El Jardín de la Abadía
221,Abu Dhabi,AE,93.31,clear sky,24.4667,54.3667,Beach Rotana
222,Parambu,BR,93.4,broken clouds,-6.2111,-40.6944,Hotel pousada santo onofre
223,Durant,US,87.73,clear sky,33.994,-96.3708,"Holiday Inn Express & Suites Durant, an IHG Hotel"
227,Bambous Virieux,MU,71.85,scattered clouds,-20.3428,57.7575,Casa Tia Villa
228,Diplo,PK,83.3,overcast clouds,24.4667,69.584,Mukhi Ahmed Ali Residency
232,Cilegon,ID,77.16,scattered clouds,-6.0174,106.0538,Forbis Hotel
233,Kasungu,MW,71.85,clear sky,-13.0333,33.4833,Mame Motel
234,Farias Brito,BR,88.48,scattered clouds,-6.9306,-39.5656,Pousada Boa Vista
235,Laguna,US,77.09,clear sky,38.421,-121.4238,"Holiday Inn Express & Suites Elk Grove Central - Hwy 99, an IHG Hotel"
241,Mitsamiouli,KM,79.09,few clouds,-11.3847,43.2844,Foyer ADM
242,Krasnoarmeysk,RU,81.16,broken clouds,51.0239,45.6969,"Hotel ""Your home-Balzer"""
244,Itaparica,BR,80.53,scattered clouds,-12.8883,-38.6786,Pousada Nel Blu
246,Guarapari,BR,71.89,broken clouds,-20.6667,-40.4975,Hotel Porto do Sol
247,Matamoros,MX,81.61,overcast clouds,25.5333,-103.25,Quinta Belem
248,Acapulco,MX,82.22,overcast clouds,16.8634,-99.8901,HS Hotsson Smart Acapulco
249,Saint George,US,84.79,clear sky,37.1041,-113.5841,Best Western Plus Abbey Inn
250,Anton Lizardo,MX,84.22,few clouds,19.05,-95.9833,Hotel CocoAventura
251,Malanville,BJ,84.0,light rain,11.8685,3.3899,Hotel Sejour du Sahel
252,Tibati,CM,74.82,light rain,6.4667,12.6333,Tibati Hotel
255,Glenwood Springs,US,70.34,clear sky,39.5505,-107.3248,Glenwood Springs Cedar Lodge
256,Nishihara,JP,84.25,scattered clouds,26.1842,127.7558,Minshuku Agaihama
257,Lazaro Cardenas,MX,77.92,overcast clouds,17.9583,-102.2,HOTEL QUINTA ANTIGUA
258,Portland,US,70.75,clear sky,45.5234,-122.6762,Embassy Suites by Hilton Portland Downtown
259,Keti Bandar,PK,81.18,broken clouds,24.1447,67.4497,Haji laloo memon house
261,Nantucket,US,78.94,scattered clouds,41.2835,-70.0995,Jared Coffin House
264,Barra Patuca,HN,84.74,overcast clouds,15.8,-84.2833,
266,Saint-Francois,FR,90.68,clear sky,46.4154,3.9054,Manoir Du Bonheur
268,Martaban,MM,80.42,light rain,16.5314,97.6111,Lu Wa Gyi Guest House
269,Cabo San Lucas,MX,89.06,scattered clouds,22.8909,-109.9124,Hotel Tesoro Los Cabos
270,Nicolas Bravo,MX,87.12,few clouds,18.45,-88.9167,
272,Baoro,CF,73.18,light rain,5.6667,15.9667,
273,Santarem,BR,86.13,few clouds,-2.4431,-54.7083,Hotel Imperador
274,Vaitape,PF,78.58,broken clouds,-16.5167,-151.75,Conrad Bora Bora Nui
275,Bien Hoa,VN,82.38,clear sky,10.95,106.8167,OYO 991 Duy Anh Hotel
277,Padang,ID,71.65,moderate rain,-0.9492,100.3543,Mercure Padang
278,Ponta Do Sol,PT,77.0,broken clouds,32.6667,-17.1,Hotel do Campo
279,Erzin,TR,83.1,clear sky,36.9559,36.2,Artemis Otel
280,Masalli,KR,73.08,overcast clouds,34.7959,126.6553,영암펜션
282,Exu,BR,88.74,scattered clouds,-7.5119,-39.7242,Pousada Albuquerque
283,Outram,MY,80.44,broken clouds,1.2829,103.8379,Grand Copthorne Waterfront
284,Bengkulu,ID,75.0,moderate rain,-3.8004,102.2655,Grage Hotel Bengkulu
288,Adre,TD,74.97,light rain,13.4667,22.2,
289,Camabatela,AO,76.24,broken clouds,-8.1881,15.375,Comércio e Prestação de Serviços
295,Tessalit,ML,91.63,overcast clouds,20.1986,1.0114,
296,Niamey,NE,91.69,scattered clouds,13.5137,2.1098,Soluxe Hotel Niamey
297,Shache,CN,70.23,overcast clouds,38.4167,77.2406,Delong Hotel
298,Lokoja,NG,77.49,light rain,7.8024,6.743,Hotel Charvid
299,Maridi,SS,72.79,overcast clouds,4.9158,29.4742,
302,Danilovka,RU,82.62,scattered clouds,50.3557,44.1168,
304,Wattegama,LK,79.68,overcast clouds,6.7989,81.4808,
306,Bandarbeyla,SO,75.74,clear sky,9.4942,50.8122,JABIR HOTEL
307,Plover,US,81.45,clear sky,44.4564,-89.544,Hampton Inn Plover-Stevens Point
308,Gazojak,TM,85.57,clear sky,41.1875,61.4036,
313,Panama City,PA,80.55,scattered clouds,8.9936,-79.5197,Trump International Hotel & Tower Panama
316,Daru,PG,78.13,overcast clouds,-9.0763,143.2092,Daru Lodge
317,Semporna,MY,79.38,overcast clouds,4.4818,118.6112,"Han Palace Hotel, Semporna, Sabah."
320,Liuzhou,CN,83.26,broken clouds,24.3126,109.3892,Linjiang Inn
321,Porto Novo,BJ,82.22,broken clouds,6.4965,2.6036,Tour Eiffel Hotel Benin
322,Salgado,BR,79.5,clear sky,-11.0319,-37.475,Chácara Sossego
323,Nabire,ID,76.55,moderate rain,-3.3667,135.4833,Hotel Nusantara I
328,Broome,US,85.46,broken clouds,42.2506,-75.833,Chenango Valley State Park
329,Vila Franca Do Campo,PT,79.2,scattered clouds,37.7167,-25.4333,Pestana Bahia Praia
333,Isabela,PH,77.05,moderate rain,6.7085,121.9711,Isawad Resort
335,Miri,MY,80.74,scattered clouds,4.4148,114.0089,"Mega Hotel, Miri"
336,Samarinda,ID,73.9,moderate rain,-0.5,117.15,ASTON Samarinda Hotel & Convention Center
337,Joue-Les-Tours,FR,91.65,clear sky,47.3522,0.6691,Brit Hotel Tours Sud – Le Cheops
340,Miquelon,PM,71.6,overcast clouds,47.0975,-56.3814,Island Inn
341,Palermo,IT,81.81,clear sky,37.8167,13.5833,"Ponte Montagnola, Vicari"
342,Simbahan,PH,82.62,overcast clouds,6.3032,120.5836,
343,Severnyy,RU,75.24,clear sky,50.677,36.5532,Full House North Mini-Hotel
344,Makokou,GA,77.97,overcast clouds,0.5738,12.8642,Hôtel
346,Kavaratti,IN,80.98,overcast clouds,10.5669,72.642,Green leaf
347,Primorsko,BG,84.67,clear sky,42.2667,27.7667,Villas Ropotamo
349,Greeley,US,76.55,clear sky,40.4233,-104.7091,Fairfield Inn & Suites by Marriott Greeley
353,Mahebourg,MU,71.89,scattered clouds,-20.4081,57.7,Shandrani Beachcomber Resort & Spa
355,Gat,IL,92.39,clear sky,31.61,34.7642,OlusHome
356,Camocim,BR,91.08,clear sky,-2.9022,-40.8411,Ilha Praia Hotel
359,Cayenne,GF,89.64,few clouds,4.9333,-52.3333,Hôtel Le Dronmi
360,Salmas,IR,77.13,few clouds,38.1973,44.7653,Ata Hotel
361,Barcelos,PT,77.92,scattered clouds,41.5388,-8.6151,Hotel Restaurante Bagoeira
362,Hambantota,LK,80.94,few clouds,6.1241,81.1185,Bungalow 63
363,Dalbandin,PK,91.65,clear sky,28.8947,64.4101,Sanjrani House
365,Sao Filipe,CV,77.61,light rain,14.8961,-24.4956,Hotel Xaguate
366,Yasugi,JP,75.22,broken clouds,35.4333,133.25,朝日館
368,Abha,SA,80.42,few clouds,18.2164,42.5053,Abha Hotel
369,Makat,KZ,88.2,scattered clouds,47.6469,53.3463,Umit
370,Auki,SB,75.74,scattered clouds,-8.7676,160.7034,Auki Motel
372,Baculin,PH,77.9,light rain,7.4525,126.5842,Baculin Cove Beach Resort
373,Kahului,US,77.85,few clouds,20.8947,-156.47,Maui Seaside Hotel
374,Moose Factory,CA,77.0,clear sky,51.2585,-80.6094,Moosonee Lilypad
376,Monrovia,LR,79.47,overcast clouds,6.3005,-10.7969,Sunset Inn
378,Natal,BR,88.02,scattered clouds,-5.795,-35.2094,Villa Park Hotel | Natal
379,Beloye,UA,83.48,clear sky,48.4952,39.0505,
380,Kieta,PG,78.04,light rain,-6.2167,155.6333,Uruna Bay Retreat
384,Saint-Louis,SN,98.24,broken clouds,16.3333,-15.0,
386,Mecca,SA,97.48,clear sky,21.4267,39.8261,"Makkah Clock Royal Tower, A Fairmont Hotel"
389,Guerrero Negro,MX,72.91,overcast clouds,27.9769,-114.0611,"Casa Laguna, Bed & Breakfast"
390,Lagos,NG,84.52,broken clouds,6.5833,3.75,
392,Madawaska,US,75.09,clear sky,47.3561,-68.3288,Best Western Plus Edmundston Hotel
394,Ribeira Grande,PT,79.2,scattered clouds,38.5167,-28.7,Quinta da Meia Eira
395,Penzance,GB,70.48,few clouds,50.1186,-5.5371,Artist Residence Penzance
397,Barbosa Ferraz,BR,75.25,broken clouds,-24.03,-52.0117,Edicula Sanches
398,The Valley,AI,88.11,scattered clouds,18.217,-63.0578,CeBlue Villas & Beach Resort
404,Komsomolskiy,UZ,79.52,scattered clouds,40.4272,71.7189,Ikathouse
405,Georgetown,MY,80.53,light rain,5.4112,100.3354,Cititel Penang
406,Sechura,PE,73.24,scattered clouds,-5.5569,-80.8222,Hospedaje Costa Bella
407,Costinesti,RO,88.84,scattered clouds,43.95,28.6333,Villa Mar Bella
410,Hobyo,SO,76.23,clear sky,5.3505,48.5268,Halane Hotel and Restaurent
411,Tingo Maria,PE,75.51,few clouds,-9.2895,-76.0088,Hospedaje Paraíso
415,Guilin,CN,80.71,scattered clouds,25.2819,110.2864,Grand 0773 Hotel
417,Price,US,71.11,clear sky,39.5994,-110.8107,National 9 - Price River Inn
420,Cockburn Town,TC,82.54,overcast clouds,21.4612,-71.1419,Osprey Beach Hotel
421,Novopokrovka,UA,78.26,clear sky,49.8425,36.5477,Пудж дом
422,Calderitas,MX,86.83,few clouds,18.55,-88.25,Hotel Hacienda Campestre
424,Ewa Beach,US,76.98,clear sky,21.3156,-158.0072,Base Lodging
426,Toucheng,TW,85.98,clear sky,24.8592,121.8233,和風時尚VILLA會館
427,Bathsheba,BB,90.21,scattered clouds,13.2167,-59.5167,Atlantis Hotel
428,Tual,ID,79.7,overcast clouds,-5.6667,132.75,Grand Vilia Hotel
430,Tabas,IR,84.97,clear sky,33.5959,56.9244,شرکت معماری مهراز شایگان آراد
431,Waingapu,ID,76.68,few clouds,-9.6567,120.2641,Pondok Wisata Elim
432,Soyo,AO,73.98,broken clouds,-6.1349,12.3689,Hospedaria ndozi'ame
433,Kalabo,ZM,84.65,clear sky,-14.97,22.6814,Sikakubete Guest House Kalabo Town Council
434,Limbang,MY,78.91,broken clouds,4.75,115.0,Purnama Hotel
435,Akhisar,TR,96.51,scattered clouds,38.9185,27.8401,Seybils Otel
437,Trinidad,BO,76.98,smoke,-14.8333,-64.9,Hotel Piesta
439,Barcelona,ES,90.81,scattered clouds,41.3888,2.159,Axel Hotel Barcelona
442,Bac Lieu,VN,81.3,scattered clouds,9.285,105.7244,Khách sạn Sài Gòn Bạc Liêu
443,Dutse,NG,82.74,overcast clouds,11.7594,9.3392,Central Mosque Galamawa
446,Morant Bay,JM,89.71,overcast clouds,17.8815,-76.4093,Whispering Bamboo Cove Resort
447,Mazatlan,MX,88.02,broken clouds,23.2167,-106.4167,Hotel La Siesta
449,Jadu,LY,95.86,clear sky,31.953,12.0261,امياس للصرافة
450,Cuamba,MZ,78.31,clear sky,-14.8031,36.5372,Hotel Vision
454,Lasa,IT,77.68,scattered clouds,46.6166,10.7002,Pension Feldgärtenhof
456,Cap Malheureux,MU,71.47,overcast clouds,-19.9842,57.6142,Pereybere Hotel & Spa
458,Jerome,US,71.08,clear sky,42.7241,-114.5186,Best Western Sawtooth Inn & Suites
459,Lagoa,PT,74.05,light rain,39.05,-27.9833,Casa Das Faias
461,Duluth,US,74.08,scattered clouds,46.7833,-92.1066,South Pier Inn
462,Kaseda,JP,79.2,broken clouds,31.4167,130.3167,Sun Stay Kaseda
463,Avera,US,82.45,clear sky,33.194,-82.5271,
465,Praia Da Vitoria,PT,79.05,broken clouds,38.7333,-27.0667,Hotel Branco I
466,Vung Tau,VN,81.86,few clouds,10.346,107.0843,Seaside Resort
468,Saint Anthony,US,73.24,clear sky,45.0205,-93.218,"Holiday Inn Express Roseville-St. Paul, an IHG Hotel"
469,Savelugu,GH,82.4,overcast clouds,9.6244,-0.8253,Yoo Naa's Palace
470,Makhachkala,RU,77.02,clear sky,42.9764,47.5024,Argo
472,Manadhoo,MV,80.87,overcast clouds,5.7667,73.3833,Bon Abri maldives
474,Kattivakkam,IN,86.09,broken clouds,13.2167,80.3167,Euronova Freezer
475,Balkhash,KZ,71.62,clear sky,46.844,74.9804,Family
476,Kisangani,CD,73.8,moderate rain,0.5167,25.2,Grand Ramela Hotel
480,Namatanai,PG,77.92,scattered clouds,-3.6667,152.4333,Seagulls Inn Namatani
482,Araguacu,BR,96.58,few clouds,-12.9306,-49.8264,Hotel Tocantins
483,Nouadhibou,MR,84.18,clear sky,20.931,-17.0347,El Medina
485,Palmer,US,83.68,broken clouds,42.1584,-72.3287,Wedgewood Motel
486,Camargo,MX,77.31,scattered clouds,27.6667,-105.1667,Hotel Santa Fe
487,Szigetvar,HU,81.55,broken clouds,46.0486,17.8055,Hotel Kumilla
488,Lakatoro,VU,76.42,overcast clouds,-16.0999,167.4164,Lakatoro Palm Lodge
490,Tuy Hoa,VN,78.48,scattered clouds,13.0833,109.3,CenDeluxe Hotel Tuy Hoa
491,Carutapera,BR,90.05,broken clouds,-1.195,-46.02,Lidera
493,Ximei,CN,79.34,clear sky,24.9639,118.3794,Nan'an Hotel
494,Orsha,BY,72.52,scattered clouds,54.5153,30.4053,Rudakovo Hotel
496,Caucaia,BR,89.31,few clouds,-3.7361,-38.6531,M.O.S. Logística - Filial Fortaleza
497,Pangkalanbuun,ID,74.3,overcast clouds,-2.6833,111.6167,Grand Kecubung Hotel
498,Vilhena,BR,80.82,few clouds,-12.7406,-60.1458,Hotel Mirage
501,Itaueira,BR,96.46,few clouds,-7.6033,-43.0256,Pousada e Restaurante Cheiro e Sabor
502,Road Town,VG,87.89,scattered clouds,18.4167,-64.6167,"ZINGARA 76ft Catamaran, full crew-all included"
505,Kantang,TH,77.16,overcast clouds,7.4054,99.5156,Reng Ta Chai Boutique HomeStay
506,Veraval,IN,79.77,overcast clouds,20.9,70.3667,Lords Inn Somnath
507,Hisar,IN,87.64,broken clouds,29.1667,75.7167,OYO 69533 Hotel Diamond Star
508,Breytovo,RU,72.46,overcast clouds,58.2993,37.8617,"The recreation center ""Sitinsky Beach"""
509,Terre Haute,US,83.32,clear sky,39.4667,-87.4139,Drury Inn & Suites Terre Haute
511,Biak,ID,75.61,overcast clouds,-0.9131,122.8766,Penginapan Kim
512,Touros,BR,82.96,scattered clouds,-5.1989,-35.4608,INN NEW HORIZON
513,Yazman,PK,91.56,scattered clouds,29.1212,71.7446,Malik House
515,Cabedelo,BR,81.27,broken clouds,-6.9811,-34.8339,Pousada Camboinha
516,Mwinilunga,ZM,80.33,clear sky,-11.7358,24.4293,Kwakuwahi Lodge
519,Bertoua,CM,74.44,light rain,4.5833,13.6833,Hotel De Paris
520,Doha,QA,97.11,clear sky,25.2867,51.5333,Mövenpick Doha
522,Sebinkarahisar,TR,72.32,clear sky,40.2883,38.4236,Sebinkarahisar Ogretmenevi
524,Hamilton,US,88.5,broken clouds,39.1834,-84.5333,Six Acres Bed & Breakfast
527,Koroni,GR,88.07,clear sky,36.8,21.95,Apartments Xenios Zeus 1
528,Katherine,AU,82.72,clear sky,-14.4667,132.2667,Pine Tree Motel
530,Lodwar,KE,91.44,clear sky,3.1191,35.5973,Solmar Gracious Hotel
532,San Quintin,MX,71.37,broken clouds,30.4833,-115.95,Don Eddie's Sport Fishing Center
533,Caravelas,BR,77.76,scattered clouds,-17.7125,-39.2481,Pousada dos Navegantes
539,San Jose De Sisa,PE,77.52,overcast clouds,-6.6167,-76.6915,Killu Sisa Hospedaje
541,Bocaiuva,BR,89.31,few clouds,-17.1078,-43.815,Hotel Maxim's
542,Grand Gaube,MU,72.0,overcast clouds,-20.0064,57.6608,Veranda Paul et Virginie Hotel & Spa
543,Maragogi,BR,78.96,scattered clouds,-9.0122,-35.2225,Salinas do Maragogi All Inclusive Resort
544,Angoche,MZ,75.04,clear sky,-16.2325,39.9086,Guest House HESADA
545,Cravo Norte,CO,76.73,overcast clouds,6.3017,-70.2041,Hotel Potosí Los Mirtos
546,Sola,VU,78.84,few clouds,-13.8833,167.55,Leumerus Bungalows
547,Weiser,US,74.32,clear sky,44.251,-116.9693,The Colonial Motel
549,Maraba,BR,98.78,few clouds,-5.3686,-49.1178,Hotel Del Principe
550,Barranquilla,CO,80.38,broken clouds,10.9639,-74.7964,HOTEL AVANTY
553,Mandera,KE,89.24,broken clouds,3.9366,41.867,Red Sea Resort & Suites Mandera County
555,Kannangad,IN,77.92,moderate rain,12.3081,75.1063,Hotel Landmark
556,Lincoln,US,80.35,clear sky,40.8,-96.667,Courtyard by Marriott Lincoln Downtown/Haymarket
557,Newport,GB,76.42,few clouds,51.5877,-2.9984,ibis budget Newport
558,Chapada Dos Guimaraes,BR,73.06,scattered clouds,-15.4606,-55.7497,Pousada Morro Dos Ventos
560,Tefe,BR,87.91,few clouds,-3.3542,-64.7114,Aracati Hotel
563,Susanville,US,81.12,clear sky,40.4163,-120.653,Comfort Inn & Suites
564,Gogrial,SS,79.74,broken clouds,8.5332,28.1004,
567,Tahoua,NE,89.58,thunderstorm,14.8888,5.2692,Bungalows Guesthouse
568,Slobozia-Ciorasti,RO,93.72,overcast clouds,45.6167,27.2,Alina antal
569,Axim,GH,78.62,scattered clouds,4.8699,-2.2405,Axim Beach Resort And Spa
571,Turan,VN,84.18,scattered clouds,16.0678,108.2208,Grand Mercure Danang
573,Pontes E Lacerda,BR,85.95,few clouds,-15.2261,-59.3353,Hotel Bressan
575,San Juan De La Maguana,DO,85.28,overcast clouds,18.8059,-71.2299,Hotel Maguana
576,Netivot,IL,85.6,clear sky,31.4222,34.5886,"'בית החסד - מוסדות מאורות נתן' - מיסודו של הרב נתן בוקובזה זצוק""ל"
577,Kingman,US,85.75,clear sky,35.1894,-114.053,Rodeway Inn Kingman Route 66
578,Presque Isle,US,76.03,clear sky,46.6811,-68.0159,Hampton Inn Presque Isle
581,Chamba,IN,73.9,scattered clouds,32.5667,76.1333,NotOnMap - Rafi's House
582,Umarkot,PK,83.84,overcast clouds,25.3616,69.7362,Al-Qamar Boys Hostel
585,Urubicha,BO,81.84,overcast clouds,-15.3833,-62.95,
586,Bandar-E Anzali,IR,80.71,clear sky,37.4727,49.4622,هتل بیاچ
587,Trincomalee,LK,82.6,broken clouds,8.5711,81.2335,Welcombe Hotel
589,Talara,PE,72.36,clear sky,-4.5772,-81.2719,Hostal Oro Negro
591,Domoni,KM,75.15,scattered clouds,-12.2569,44.5319,Al Djadid
592,Wad Rawah,SD,94.14,clear sky,15.1603,33.1397,حوش جلي ودراوة
594,Tutoia,BR,85.98,scattered clouds,-2.7619,-42.2744,Pousada Guará's
596,Panaba,MX,90.12,few clouds,21.2833,-88.2667,Hotel Don Fernando
598,Mundo Novo,BR,84.58,scattered clouds,-11.8589,-40.4725,Casa Shalon
599,Batya,HU,82.38,overcast clouds,46.488,18.9542,Alice Panzió Gold
601,Barpali,IN,80.31,scattered clouds,21.2,83.5833,GREEN HOUSE LODGE
603,Escarcega,MX,89.6,few clouds,18.6089,-90.7454,Hotel Maria Isabel
604,Nioro,GM,81.32,overcast clouds,13.35,-15.75,
605,Elizabeth City,US,89.06,overcast clouds,36.2946,-76.2511,Hampton Inn Elizabeth City
606,Ambilobe,MG,73.29,broken clouds,-13.2,49.05,Hôtel & Restaurant DIANA Ambilobe
608,Lufkin,US,87.06,light rain,31.3382,-94.7291,Courtyard by Marriott Lufkin
609,Dosso,NE,89.49,overcast clouds,13.049,3.1937,Hotel Toubal
610,Beba,CU,87.64,few clouds,22.4437,-79.7253,Hostal Cubaustria
613,Barmer,IN,81.9,overcast clouds,25.75,71.3833,Jain Dharamshala
614,Vale Da Amoreira,PT,90.39,clear sky,39.0697,-7.6985,Hotel Candolaria Cabeço De Vide
615,Kalmunai,LK,80.65,broken clouds,7.4167,81.8167,VS Villa
616,Sibolga,ID,74.98,overcast clouds,1.7427,98.7792,Hotel Syariah CN Darussalam
617,Merauke,ID,77.41,scattered clouds,-8.4667,140.3333,
619,Guisa,CU,90.21,clear sky,20.255,-76.5386,
620,Malakal,SS,76.39,light rain,9.5334,31.6605,Nile Palace Hotel
622,Inhambane,MZ,75.18,clear sky,-23.865,35.3833,Oceano
624,La Libertad,EC,71.26,overcast clouds,-2.2333,-80.9,Playa Canela Hotel Boutique
626,Labuhan,ID,77.25,broken clouds,-6.8844,112.2051,DoubleFAG
630,Mogadishu,SO,76.28,clear sky,2.0371,45.3438,Hotel Juba
631,Ouango,CF,75.38,light rain,4.3133,22.5552,
634,Vinukonda,IN,82.04,overcast clouds,16.05,79.75,VLS Residency
636,Lokossa,BJ,81.72,overcast clouds,6.6387,1.7167,Les Résidences Manel
639,Kasamatsu,JP,76.08,broken clouds,35.3686,136.764,ミカサビル residence MIKASA
640,Chokwe,MZ,82.78,clear sky,-24.5333,32.9833,Complexo Sonho Real
641,Svetlyy,RU,71.65,clear sky,54.675,20.1347,"Gostinitsa-Kafe, Alena"
642,Makakilo City,US,75.56,few clouds,21.3469,-158.0858,Marriott's Ko Olina Beach Club
643,Basar,IN,72.19,broken clouds,27.9833,94.6667,Dolma Group of Hotels
644,Hukuntsi,BW,77.16,clear sky,-24.0,21.75,Its me guest house
645,Rouvroy,FR,77.9,broken clouds,50.3925,2.904,La cabane de Lena
646,Sibiti,CG,84.92,broken clouds,-3.6819,13.3499,Gaby et confort
648,Agadir,MA,82.85,broken clouds,30.4202,-9.5982,Iberostar Founty Beach
649,La Rioja,ES,73.18,broken clouds,42.25,-2.5,Casa Concejos
650,Bayir,TR,81.12,clear sky,37.2687,28.2167,Hotel Babadag
651,Lago Da Pedra,BR,99.19,broken clouds,-4.3333,-45.1667,
652,Horodok,UA,80.08,overcast clouds,49.1637,26.5839,Подвал сану
653,Mahibadhoo,MV,80.69,overcast clouds,3.7833,72.9667,Omadhoo Inn
654,Qobustan,AZ,81.23,clear sky,40.0824,49.412,
655,Suclayin,PH,76.73,overcast clouds,15.7568,121.5503,Costa Pacifica
656,South River,US,87.26,clear sky,40.4465,-74.386,"Holiday Inn Express & Suites Tower Center New Brunswick, an IHG Hotel"
658,Atambua,ID,71.89,scattered clouds,-9.1061,124.8925,Kost Alfa Flat
659,Margate,GB,71.91,clear sky,51.3813,1.3862,Premier Inn Margate hotel
661,Araouane,ML,97.36,broken clouds,18.9048,-3.5265,
663,Betare Oya,CM,73.94,light rain,5.6,14.0833,Auberge Tembina Betaré Oya
664,Finschhafen,PG,77.43,heavy intensity rain,-6.6024,147.8681,Cossam Guest House
665,Lugo,ES,84.76,overcast clouds,43.0,-7.5,Hotel Torre de Núñez
666,Talagang,PK,85.91,few clouds,32.9297,72.4158,Sajid Iqbal Manzil
668,Brits,ZA,82.13,clear sky,-25.6347,27.7802,By Die Vlei
669,Gopalpur,IN,83.73,few clouds,19.2667,84.9167,Gopalpur Palm Resort
672,Reshetylivka,UA,82.67,clear sky,49.565,34.0782,Kafe Hotelʹ 777 M.reshetylivka
673,Ryde,GB,74.68,overcast clouds,50.73,-1.1621,Dorset Hotel
674,Bud,US,85.89,overcast clouds,39.447,-86.1758,Ted McQuinn Trust
677,Tinnanur,IN,85.75,scattered clouds,13.1114,80.0261,Tiffin centre
678,Narimanov,RU,82.31,overcast clouds,46.6927,47.8498,Solnechnyi
680,Kalemie,CD,77.23,broken clouds,-5.9475,29.1947,Mahobilali
681,Umm Kaddadah,SD,90.99,broken clouds,13.6017,26.6876,
682,Palauig,PH,81.16,overcast clouds,15.435,119.9045,Villa Raphael Resort
684,Pacora,PA,83.48,broken clouds,9.0833,-79.2833,Residencia Los Años Dorados
685,Ranong,TH,78.8,overcast clouds,9.9658,98.6348,Numsai Khaosuay Resort Ranong
686,Greenville,US,85.12,broken clouds,35.6127,-77.3663,"Holiday Inn Express Greenville, an IHG Hotel"
687,Rosetta,EG,80.6,clear sky,31.4044,30.4164,Green Valley
688,Puerto Carreno,CO,76.98,thunderstorm,6.189,-67.4859,Casa Hotel Victoria
689,Tateyama,JP,73.09,overcast clouds,34.9833,139.8667,Tateyama Seaside Hotel
690,Wucheng,CN,78.82,moderate rain,29.6008,118.175,Xiuwu Restaurant
691,Wageningen,NL,77.04,scattered clouds,51.9667,5.6667,Fletcher Hotel-Restaurant De Wageningsche Berg
693,Gander,CA,75.33,broken clouds,48.9682,-54.5906,Quality Hotel & Suites
694,San Policarpo,PH,81.91,overcast clouds,12.1791,125.5072,Agapita M. Nicart
697,Silver City,US,81.68,scattered clouds,32.7701,-108.2803,Copper Manor Motel
698,Celestun,MX,86.85,few clouds,20.8667,-90.4,Posada Lilia
699,Grandview,US,89.92,clear sky,38.8858,-94.533,Holiday Inn Express & Suites Kansas City-Grandview
701,Korla,CN,78.31,scattered clouds,41.7597,86.1469,Gulisitan Hotel
702,Birao,CF,74.95,overcast clouds,10.2849,22.7882,
704,Baza,ES,81.73,overcast clouds,37.4907,-2.7726,Pensión Ronda
705,Beyneu,KZ,87.66,clear sky,45.3167,55.2,NUR
708,Itarema,BR,87.85,scattered clouds,-2.9248,-39.9167,"Sea Lounge! Bar, Club & Restaurant"
709,Sorong,ID,78.55,light rain,-0.8833,131.25,Waigo Splash Hotel
710,Casa Nova,BR,86.0,clear sky,-9.4167,-41.1333,LÔRO BEACH. DUNAS
711,Salisbury,GB,73.81,broken clouds,51.0693,-1.7957,Mercure Salisbury White Hart Hotel
